ID1,&pound;200 in 1 year,&pound;100 in 6 months
ID2,&pound;500 in 6 months,&pound;300 in 1 week
ID3,&pound;400 in 6 months,&pound;300 in 1 month
ID4,&pound;300 in 2 weeks,&pound;200 in 1 week
ID5,&pound;300 in 1 year,&pound;200 in 1 day
ID6,&pound;500 in 2 months,&pound;100 in 2 days
ID7,&pound;500 in 1 month,&pound;400 in 2 weeks
ID8,&pound;300 in 6 months,&pound;200 in 1 day
ID9,&pound;300 in 2 weeks,&pound;100 in 1 week
ID10,&pound;400 in 2 months,&pound;100 in 1 month
ID11,&pound;500 in 2 months,&pound;200 in 2 weeks
ID12,&pound;500 in 1 year,&pound;400 in 1 month
ID13,&pound;500 in 2 weeks,&pound;300 in 2 days
ID14,&pound;400 in 1 year,&pound;100 in 2 days
ID15,&pound;500 in 2 months,&pound;100 in 1 week
ID16,&pound;500 in 1 year,&pound;200 in 2 days
ID17,&pound;400 in 2 weeks,&pound;100 in 1 day
ID18,&pound;300 in 6 months,&pound;100 in 2 months
ID19,&pound;500 in 2 weeks,&pound;400 in 1 day
ID20,&pound;500 in 6 months,&pound;400 in 2 days
ID21,&pound;400 in 2 months,&pound;300 in 2 weeks
ID22,&pound;500 in 2 weeks,&pound;300 in 1 week
ID23,&pound;500 in 6 months,&pound;400 in 2 months
ID24,&pound;500 in 1 week,&pound;100 in 1 day
ID25,&pound;400 in 2 months,&pound;100 in 1 day
ID26,&pound;400 in 1 month,&pound;300 in 2 weeks
ID27,&pound;500 in 2 months,&pound;300 in 1 week
ID28,&pound;400 in 1 month,&pound;200 in 1 week
ID29,&pound;200 in 6 months,&pound;100 in 1 week
ID30,&pound;200 in 2 weeks,&pound;100 in 1 week
ID31,&pound;500 in 1 week,&pound;300 in 1 day
ID32,&pound;500 in 6 months,&pound;100 in 1 month
ID33,&pound;300 in 2 weeks,&pound;200 in 2 days
ID34,&pound;400 in 6 months,&pound;100 in 1 month
ID35,&pound;500 in 1 year,&pound;200 in 1 day
ID36,&pound;400 in 1 year,&pound;300 in 2 days
ID37,&pound;300 in 1 year,&pound;100 in 1 week
ID38,&pound;300 in 6 months,&pound;100 in 2 weeks
ID39,&pound;400 in 2 weeks,&pound;300 in 1 week
ID40,&pound;500 in 2 months,&pound;300 in 1 day
ID41,&pound;500 in 2 months,&pound;100 in 1 month
ID42,&pound;500 in 1 year,&pound;200 in 2 months
ID43,&pound;400 in 1 month,&pound;200 in 1 day
ID44,&pound;500 in 1 year,&pound;200 in 6 months
ID45,&pound;400 in 1 year,&pound;300 in 2 weeks
ID46,&pound;400 in 2 months,&pound;200 in 1 day
ID47,&pound;300 in 2 months,&pound;100 in 2 weeks
ID48,&pound;400 in 2 months,&pound;300 in 2 days
ID49,&pound;500 in 2 days,&pound;400 in 1 day
ID50,&pound;300 in 1 month,&pound;200 in 2 days
ID51,&pound;500 in 1 month,&pound;400 in 2 days
ID52,&pound;400 in 1 year,&pound;200 in 1 day
ID53,&pound;500 in 2 weeks,&pound;200 in 2 days
ID54,&pound;400 in 1 month,&pound;100 in 1 week
ID55,&pound;200 in 2 weeks,&pound;100 in 2 days
ID56,&pound;500 in 1 year,&pound;300 in 1 week
ID57,&pound;400 in 2 days,&pound;300 in 1 day
ID58,&pound;400 in 1 month,&pound;100 in 1 day
ID59,&pound;300 in 1 month,&pound;200 in 1 week
ID60,&pound;500 in 1 month,&pound;300 in 1 week
ID61,&pound;200 in 2 months,&pound;100 in 2 weeks
ID62,&pound;400 in 2 months,&pound;300 in 1 day
ID63,&pound;400 in 1 month,&pound;300 in 2 days
ID64,&pound;400 in 6 months,&pound;300 in 1 week
ID65,&pound;200 in 2 weeks,&pound;100 in 1 day
ID66,&pound;300 in 1 month,&pound;100 in 2 weeks
ID67,&pound;300 in 1 week,&pound;100 in 1 day
ID68,&pound;500 in 2 months,&pound;200 in 1 month
ID69,&pound;500 in 2 weeks,&pound;200 in 1 day
ID70,&pound;400 in 1 year,&pound;100 in 2 weeks
ID71,&pound;200 in 1 week,&pound;100 in 2 days
ID72,&pound;400 in 2 weeks,&pound;200 in 2 days
ID73,&pound;500 in 6 months,&pound;300 in 1 day
ID74,&pound;200 in 2 months,&pound;100 in 1 week
ID75,&pound;400 in 1 week,&pound;200 in 1 day
ID76,&pound;300 in 1 year,&pound;200 in 2 weeks
ID77,&pound;500 in 1 month,&pound;200 in 2 days
ID78,&pound;200 in 1 year,&pound;100 in 1 week
ID79,&pound;300 in 2 weeks,&pound;100 in 1 day
ID80,&pound;400 in 1 year,&pound;200 in 6 months
ID81,&pound;400 in 2 months,&pound;100 in 2 weeks
ID82,&pound;400 in 1 year,&pound;300 in 1 week
ID83,&pound;400 in 2 months,&pound;300 in 1 week
ID84,&pound;500 in 1 year,&pound;100 in 1 month
ID85,&pound;200 in 1 month,&pound;100 in 2 weeks
ID86,&pound;200 in 2 months,&pound;100 in 2 days
ID87,&pound;200 in 6 months,&pound;100 in 1 month
ID88,&pound;500 in 1 year,&pound;400 in 1 week
ID89,&pound;400 in 1 year,&pound;200 in 2 months
ID90,&pound;500 in 2 weeks,&pound;200 in 1 week
ID91,&pound;500 in 1 year,&pound;400 in 1 day
ID92,&pound;400 in 2 weeks,&pound;200 in 1 week
ID93,&pound;500 in 2 months,&pound;200 in 1 day
ID94,&pound;400 in 2 weeks,&pound;300 in 2 days
ID95,&pound;400 in 6 months,&pound;300 in 2 months
ID96,&pound;300 in 1 year,&pound;200 in 1 week
ID97,&pound;300 in 6 months,&pound;200 in 2 days
ID98,&pound;400 in 6 months,&pound;300 in 1 day
ID99,&pound;500 in 1 month,&pound;100 in 1 week
ID100,&pound;300 in 1 year,&pound;200 in 2 months
ID101,&pound;400 in 1 year,&pound;100 in 1 month
ID102,&pound;300 in 1 month,&pound;100 in 1 day
ID103,&pound;500 in 1 month,&pound;300 in 1 day
ID104,&pound;400 in 6 months,&pound;200 in 1 month
ID105,&pound;200 in 6 months,&pound;100 in 2 months
ID106,&pound;400 in 1 week,&pound;300 in 1 day
ID107,&pound;300 in 1 month,&pound;200 in 1 day
ID108,&pound;400 in 1 year,&pound;100 in 1 week
ID109,&pound;500 in 1 year,&pound;200 in 1 week
ID110,&pound;400 in 6 months,&pound;300 in 2 days
ID111,&pound;500 in 1 year,&pound;300 in 6 months
ID112,&pound;400 in 6 months,&pound;100 in 2 months
ID113,&pound;500 in 6 months,&pound;200 in 2 days
ID114,&pound;400 in 2 months,&pound;100 in 2 days
ID115,&pound;500 in 2 days,&pound;100 in 1 day
ID116,&pound;200 in 1 year,&pound;100 in 2 months
ID117,&pound;500 in 1 month,&pound;100 in 1 day
ID118,&pound;500 in 6 months,&pound;200 in 2 weeks
ID119,&pound;200 in 2 days,&pound;100 in 1 day
ID120,&pound;300 in 2 months,&pound;100 in 1 week
ID121,&pound;400 in 2 weeks,&pound;100 in 1 month
ID122,&pound;200 in 2 weeks,&pound;100 in 6 months
ID123,&pound;500 in 1 day,&pound;300 in 2 months
ID124,&pound;300 in 1 day,&pound;200 in 6 months
ID125,&pound;100 in 2 weeks,&pound;100 in 6 months
ID126,&pound;400 in 2 days,&pound;400 in 6 months
ID127,&pound;500 in 1 day,&pound;300 in 6 months
ID128,&pound;500 in 2 weeks,&pound;200 in 1 year
ID129,&pound;200 in 1 week,&pound;100 in 1 week
ID130,&pound;300 in 1 week,&pound;100 in 6 months
ID131,&pound;300 in 1 day,&pound;300 in 2 days
ID132,&pound;500 in 2 days,&pound;400 in 6 months
ID133,&pound;300 in 1 day,&pound;100 in 2 weeks
ID134,&pound;400 in 2 days,&pound;300 in 1 month
ID135,&pound;400 in 2 weeks,&pound;300 in 1 month
ID136,&pound;400 in 1 day,&pound;200 in 2 days
ID137,&pound;200 in 1 day,&pound;200 in 2 weeks
ID138,&pound;400 in 1 week,&pound;300 in 2 weeks
ID139,&pound;500 in 2 days,&pound;500 in 6 months
ID140,&pound;200 in 2 months,&pound;200 in 1 year
ID141,&pound;500 in 2 days,&pound;100 in 1 week
ID142,&pound;200 in 1 day,&pound;100 in 1 day
ID143,&pound;500 in 2 weeks,&pound;400 in 2 months
ID144,&pound;500 in 1 year,&pound;200 in 1 year
ID145,&pound;200 in 2 weeks,&pound;100 in 2 weeks
ID146,&pound;200 in 1 day,&pound;100 in 2 weeks
ID147,&pound;500 in 2 days,&pound;500 in 1 year
ID148,&pound;300 in 2 weeks,&pound;100 in 6 months
ID149,&pound;300 in 1 week,&pound;200 in 6 months
ID150,&pound;500 in 2 months,&pound;200 in 1 year